관리기관명,경로당명,소재지,연락처,위도,경도,고도
강서구,대저경로당,부산광역시 강서구 대저로277번길 18-1 (대저1동),,35.21305372,128.9830931,0
강서구,대저할머니경로당,부산광역시 강서구 공항로1309번길 137-8 (대저1동),,35.21505265,128.9811402,0
강서구,신장로경로당,부산광역시 강서구 대저로299번길 72 (대저1동),,35.21438797,128.985284,0
강서구,사덕상리경로당,부산광역시 강서구 체육공원로6번길 84 (대저1동),,35.20682796,128.9782955,0
강서구,사덕상리할머니경로당,부산광역시 강서구 체육공원로6번길 84 (대저1동),,35.20682796,128.9782955,0
강서구,신덕경로당,부산광역시 강서구 신덕길1번길 16-13 (대저1동),,35.20034855,128.9680157,0
강서구,신덕할머니경로당,부산광역시 강서구 신덕길1번길 16-13 (대저1동),,35.20034855,128.9680157,0
강서구,번덕경로당,부산광역시 강서구 대저중앙로394번가길 50 (대저1동),,35.21706786,128.9860523,0
강서구,번덕할머니경로당,부산광역시 강서구 대저중앙로394번가길 50 (대저1동),,35.21706786,128.9860523,0
강서구,신촌경로당,부산광역시 강서구 대저중앙로286번길 32 (대저1동),,35.21962267,128.9789215,0
강서구,신촌할머니경로당,부산광역시 강서구 대저중앙로286번길 32 (대저1동),,35.21962267,128.9789215,0
강서구,서연정경로당,부산광역시 강서구 대저로89번가길 99-7 (대저1동),,35.21805007,128.9682481,0
강서구,서연정할머니경로당,부산광역시 강서구 대저로89번가길 99-7 (대저1동),,35.21805007,128.9682481,0
강서구,대지상리경로당,부산광역시 강서구 대저로89번나길 8 (대저1동),,35.21782222,128.9640495,0.630020142
강서구,상리할머니경로당,부산광역시 강서구 대저로89번나길 8 (대저1동),,35.21782222,128.9640495,0.630020142
강서구,중리1구경로당,부산광역시 강서구 대저중앙로71번가길 39 (대저1동),,35.22061028,128.9557563,0.64171052
강서구,중리2구경로당,부산광역시 강서구 평강로345번길 105,,35.219229,128.945594,0.000927666144
강서구,중촌경로당,부산광역시 강서구 대저로49번길 75 (대저1동),,35.2183158,128.9575198,0
강서구,평강경로당,부산광역시 강서구 낙동북로212번길 17 (대저1동),,35.21352665,128.9510162,0.991207361
강서구,평강할머니경로당,부산광역시 강서구 낙동북로212번길 17 (대저1동),,35.21352665,128.9510162,0.991207361
강서구,대리경로당,부산광역시 강서구 평강로229번가길(대저1동),,35.209012,128.943732,0
강서구,사리경로당,부산광역시 강서구 평강로193번길 29 (대저1동),,35.20385647,128.9404153,0.410548717
강서구,칠점경로당,부산광역시 강서구 대저동서로 111 (대저1동),,35.19855751,128.9517748,0
강서구,당리경로당,부산광역시 강서구 공항로1409번길 65 (대저1동),,35.22356381,128.9886355,0
강서구,동연정경로당,부산광역시 강서구 대저로171번나길56,,35.21755301,128.9728994,0
강서구,중앙경로당,"부산광역시 강서구 공항로811번다길 23-4 (2층, 대저2동)",,35.17917189,128.9559071,0
강서구,중앙할머니경로당,"부산광역시 강서구 공항로811번다길 23-4 (1층, 대저2동)",,35.17917189,128.9559071,0
강서구,용두경로당,부산광역시 강서구 경전철로31번길 7 (대저2동),,35.18346484,128.955617,0
강서구,사두경로당,부산광역시 강서구 공항로811번다길 92 (대저2동),,35.17813605,128.9523817,0
강서구,등구경로당,부산광역시 강서구 대저동서로 240 (대저2동),,35.19421935,128.9623317,2.66E-05
강서구,등구할머니경로당,부산광역시 강서구 대저동서로 240 (대저2동),,35.19421935,128.9623317,2.66E-05
강서구,울만경로당,부산광역시 강서구 입소신평길 59 (대저2동),,35.17705916,128.9226941,0.288454294
강서구,울만할머니경로당,부산광역시 강서구 입소신평길 59 (대저2동),,35.17705916,128.9226941,0.288454294
강서구,신평경로당,부산광역시 강서구 입소신평길 218  (대저2동),,35.18655087,128.9262382,0
강서구,월포경로당,부산광역시 강서구 공항로533번길 309-37 (대저2동),,35.1543804,128.9378582,0
강서구,맥도경로당,부산광역시 강서구 맥도강변길 950-8 (대저2동),,35.15103485,128.9518788,0
강서구,맥도할머니경로당,부산광역시 강서구 공항로393번가길 140 (대저2동),,35.14973456,128.9487248,0
강서구,작지경로당,부산광역시 강서구 공항로393번길 60-2 (대저2동),,35.14464399,128.9472719,0
강서구,동자경로당,부산광역시 강서구 송동길 481 (대저2동),,35.14667509,128.9376379,0
강서구,금호경로당,부산광역시 강서구 금호순서길89번길 33 (대저2동),,35.16050327,128.9548431,0
강서구,덕두경로당,부산광역시 강서구 공항로743번길 7 (대저2동),,35.17314305,128.9591298,0
강서구,상방경로당,부산광역시 강서구 공항앞길177번길 20 (대저2동),,35.17448543,128.9512303,0
강서구,정관경로당,부산광역시 강서구 정관길 109 (대저2동),,35.16529975,128.9257224,0
강서구,신소경로당,부산광역시 강서구 경전철로24번길 43-22 (대저2동),,35.1827931,128.956213,0
강서구,설만경로당,부산광역시 강서구 울만로25번길 171 (대저2동),,35.17470168,128.9280358,0.000321535161
강서구,송백경로당,부산광역시 강서구 송동길 73 (대저2동),,35.12831676,128.9383707,0
강서구,동덕경로당,부산광역시 강서구 공항로767번나길 13-9 (대저2동),,35.17538383,128.9573228,0
강서구,순서경로당,부산광역시 강서구 금호순서길282번나길 17-1 (대저2동),,35.161301,128.943618,0
강서구,공군관사경로당,부산광역시 강서구 공항진입로42번길 20  (대저2동),,35.18330019,128.9502023,0
강서구,염막경로당,부산광역시 강서구 공항로283번길 32  (대저2동),,35.1348179,128.9439099,0
강서구,대사1통경로당,부산광역시 강서구 낙동북로13번길36-6(강동동),,35.22092099,128.9332968,0
강서구,대사경로당,부산광역시 강서구 제도로 1191-1 (강동동),,35.21622703,128.9364942,0
강서구,대사할머니경로당,부산광역시 강서구 낙동북로63번길 7 (강동동),,35.21876058,128.9364135,0.132296115
강서구,대사3구경로당,부산광역시 강서구 낙동북로135번길 8 (강동동),,35.21622122,128.9441938,0.685000718
강서구,강동신덕경로당,부산광역시 강서구 제도로 1003 (강동동),,35.20098592,128.9269405,0
강서구,강동신덕할머니경로당,부산광역시 강서구 제도로 1003 (강동동),,35.20098592,128.9269405,0
강서구,북정경로당,부산광역시 강서구 상덕로97번라길 28 (강동동),,35.19901447,128.9147615,5.823279381
강서구,북정할머니경로당,부산광역시 강서구 상덕로97번라길 28 (강동동),,35.19901447,128.9147615,5.823279381
강서구,덕포경로당,부산광역시 강서구 덕포길 260 (강동동),,35.18914485,128.9086884,0
강서구,득천할머니경로당,부산광역시 강서구 제도로 857 (강동동),,35.1886736,128.920937,0
강서구,상덕경로당,부산광역시 강서구 상덕로97번길 97 (강동동),,35.1956114,128.9130102,0.318838358
강서구,상덕할머니경로당,부산광역시 강서구 상덕로97번길 97 (강동동),,35.1956114,128.9130102,0.318838358
강서구,제도경로당,부산광역시 강서구 강동중곡1길 1 (강동동),,35.16406106,128.9131728,0.278212488
강서구,제도할머니경로당,부산광역시 강서구 강동중곡1길 1 (강동동),,35.16406106,128.9131728,0.278212488
강서구,덕도경로당,부산광역시 강서구 제도로 857 (강동동),,35.1886736,128.920937,0
강서구,중덕경로당,부산광역시 강서구 제도로1041번다길 5 (강동동),,35.21028052,128.9220709,0
강서구,상곡경로당,부산광역시 강서구 제도로 660-3 (강동동),,35.17184229,128.9152799,0.466948003
강서구,대평경로당,부산광역시 강서구 낙동북로138번길 91 (강동동),,35.21167188,128.9426912,0
강서구,덕계경로당,부산광역시 강서구 상덕로119번길 72 (강동동),,35.1943698,128.9174655,0
강서구,강동동4통경로당,부산광역시 강서구 낙동북로 102번길 35,,35.21522847,128.9397229,0.00184732093
강서구,본동경로당,부산광역시 강서구 낙동남로991번길 5  (명지동),,35.11457373,128.9214944,0
강서구,명지진목경로당,부산광역시 강서구 낙동남로 1036-6 (명지동),,35.11285702,128.9255668,0
강서구,진목할머니경로당,부산광역시 강서구 낙동남로 1036-6 (명지동),,35.11285702,128.9255668,0
강서구,영강경로당,부산광역시 강서구 영강길19번길 21-6 (명지동),,35.1072613,128.9276534,0
강서구,신포경로당,부산광역시 강서구 신포길39번길 25-21 (명지동),,35.11302268,128.9309988,0
강서구,청호경로당,부산광역시 강서구 명지새동네길1번길 51 (명지동),,35.11018969,128.9325023,0
강서구,평성경로당,부산광역시 강서구 평성길 65 (명지동),,35.10042033,128.9109369,0.218649298
강서구,에일린의뜰경로당,"부산광역시 강서구 명지국제5로 60  (명지동, 에일린의 뜰)",,35.1003812,128.9208737,0
강서구,명지1차금강경로당,"부산광역시 강서구 명지국제5로 60  (명지동, 1차금강경로당)",,35.099846,128.919071,0
강서구,대방2차경로당,"부산광역시 강서구 명지국제5로 11  (명지동, 대방2차경로당)",,35.09528253,128.9192479,0
강서구,명지중리경로당,부산광역시 강서구 영강길17번길 127(명지동),,35.10706625,128.9236913,0
강서구,호반1차경로당,"부산광역시 강서구 명지국제5로29  (명지동, 호반베르디움1차)",,35.09614127,128.917744,0
강서구,명지2차금강경로당,"부산광역시 강서구 명지국제5로109  (명지동,금강2차)",,35.10424416,128.9190415,0
강서구,대방1차경로당,"부산광역시 강서구 명지국제5로30  (명지동,대방노블랜드오션뷰1차)",,35.09703239,128.9202876,0.00899548456
강서구,중흥1차경로당,"부산광역시 강서구 명지국제7로 133(명지동,중흥에스클래스 프파디움)",,35.09640154,128.916705,0
강서구,호반2차경로당,"부산광역시 강서구 명지국제5로89(명지동,호반베르디움2차)",,35.10236823,128.9203586,0
강서구,협성휴포레경로당,"부산광역시 강서구 명지국제5로141(명지동,협성휴포레)",,35.10752754,128.9211187,1.310886979
강서구,LH오션타운경로당,"부산광역시 강서구 명지국제7로 111(명지동, LH오션타운)",,35.096585,128.913887,0
강서구,스위트팰리스경로당,"부산광역시 강서구 명지국제5로 165(명지동, 스위트팰리스)",,35.109081,128.920235,0.743407547
강서구,명지금강3차경로당,"부산광역시 강서구  명지국제5로 110(명지동, 명지금강펜테리움센트럴파크3차)",,35.105652,128.921153,1.24E-05
강서구,롯데캐슬경로당,"부산광역시 강서구 명지오션시티11로 84 (명지동, 롯데캐슬아파트) ,관리동(오션시티11로84)",,35.08398608,128.9051172,2.459280252
강서구,퀸덤1단지경로당,"부산광역시 강서구 명지오션시티10로 17, (명지동, 퀸덤1차아파트)",,35.08816326,128.8973662,3.028873682
강서구,링컨타운경로당,"부산광역시 강서구 명지오션시티10로 16 (명지동, 퀸덤1차 링컨타운)",,35.08640978,128.8967876,2.691741943
강서구,퀸덤3단지경로당,"부산광역시 강서구 명지오션시티11로 51,311동(명지동, 퀸덤아파트)",,35.08534911,128.9012393,3.753961325
강서구,극동스타경로당,"부산광역시 강서구 명지오션시티2로 71 (명지동, 극동스타클래스아파트)",,35.08394289,128.9000285,2.750732422
강서구,두산경로당,"부산광역시 강서구 명지오션시티11로 22  (명지동, 명지두산위브포세이돈)",,35.08392102,128.8969029,1.927484155
강서구,한신경로당,"부산광역시 강서구 명지오션시티1로 155  (명지동, 한신 휴플러스)",,35.08081584,128.9011236,2.201550484
강서구,삼정그린코아경로당,"부산광역시 강서구 명지오션시티10로 114 (명지동, 명지오션시티삼정그린코아)",,35.08628765,128.9083339,2.839310408
강서구,행복마을경로당,부산광역시 강서구 명지오션시티10로132(명지동),,35.08661484,128.9103773,1.789729714
강서구,가락경로당,부산광역시 강서구 가락대로1449번길 13 (죽림동),,35.19343198,128.903147,0
강서구,가락할머니경로당,부산광역시 강서구 가락대로1449번길 13 (죽림동),,35.19343198,128.903147,0
강서구,식만경로당,부산광역시 강서구 식만로189번길 3 (식만동),,35.21026431,128.9099345,0
강서구,시만경로당,부산광역시 강서구 식만로 253-2 (식만동),,35.21512601,128.9142944,0
강서구,가락중앙경로당,부산광역시 강서구 호계로145번길 6 (죽동동),,35.20439861,128.8914626,0.00136022212
강서구,가락중앙할머니경로당,부산광역시 강서구 호계로63 (죽동동),,35.1968671,128.8945538,0.177729681
강서구,해포경로당,부산광역시 강서구 봉림길94번길 24 (봉림동),,35.17278411,128.8954312,0
강서구,둔치도경로당,부산광역시 강서구 둔치본리길 109 (봉림동),,35.16046027,128.8932104,0
강서구,둔치도할머니경로당,부산광역시 강서구 둔치본리길 109 (봉림동),,35.16046027,128.8932104,0
강서구,신기경로당,부산광역시 강서구 가락대로1397번길 122 (봉림동),,35.1929699,128.8998367,0.779685259
강서구,통전경로당,부산광역시 강서구 가락대로1243번길 120 (봉림동),,35.17662078,128.8946609,0
강서구,용등경로당,부산광역시 강서구 식만로63번길 30 (죽림동),,35.20274211,128.9021191,0.00170701824
강서구,중사도경로당,부산광역시 강서구 식만로280번길 228 (식만동),,35.20858584,128.9125736,0
강서구,송산경로당,부산광역시 강서구 호계로135번길 47-8 (죽동동),,35.20263351,128.8900156,0.0179147646
강서구,대흥경로당,부산광역시 강서구 봉죽길235번길 221 (봉림동),,35.17732271,128.8887072,0
강서구,봉하경로당,부산광역시 강서구 가락대로1397번길 286 (봉림동),,35.1957431,128.8917413,0.772020042
강서구,금천경로당,부산광역시 강서구 죽동길405번길20 (죽동동),,35.20202762,128.872976,-0.81006676
강서구,봉림경로당,부산광역시 강서구 호계로57번길53 (봉림동),,35.19504171,128.8951706,3.009088039
강서구,녹산경로당,부산광역시 강서구 낙동남로605번길 12 (녹산동),,35.11447374,128.8853793,0
강서구,성산경로당,부산광역시 강서구 낙동남로 642 (녹산동),,35.12012205,128.8920012,1.818305612
강서구,성산1구경로당,부산광역시 강서구 생곡로 21 (녹산동),,35.12376247,128.8958371,0
강서구,송정경로당,부산광역시 강서구 송정길 147 (송정동),,35.10299372,128.8418628,0.634090304
강서구,송정할머니경로당,부산광역시 강서구 송정길 147 (송정동),,35.10299372,128.8418628,0.634090304
강서구,방근경로당,부산광역시 강서구 송정길100번길 59-6 (송정동),,35.10201417,128.8466021,0.566502094
강서구,산양경로당,부산광역시 강서구 낙동남로483번길 73 (녹산동,,35.11272799,128.8687957,19.75012589
강서구,신호경로당,부산광역시 강서구 신호산단5로 64 (신호동),,35.08319759,128.8800183,0.454370767
강서구,신호할머니경로당,부산광역시 강서구 신호산단5로 64 (신호동),,35.08319759,128.8800183,0.454370767
강서구,가동경로당,부산광역시 강서구 수가로748번길 20 (범방동),,35.1647392,128.8850026,13.80056667
강서구,사구경로당,부산광역시 강서구 가락대로961번길 60 (범방동),,35.15825834,128.8849652,1.253269672
강서구,생곡경로당,부산광역시 강서구 생곡길 22 (생곡동),,35.13124395,128.8798993,1.074166298
강서구,장락경로당,부산광역시 강서구 생곡로 230-32 (생곡동),,35.13652717,128.8920816,0.0438677818
강서구,범방경로당,부산광역시 강서구 가락대로900번나길 10 (범방동),,35.15146051,128.8826635,-0.943632126
강서구,마음경로당,부산광역시 강서구 마음길 11 (생곡동),,35.13374999,128.8648826,10.60665131
강서구,윌경로당,"부산광역시 강서구 신호산단3로 55 (신호동, 윌더하임아파트)",,35.08856665,128.8780033,0
강서구,부영1차경로당,"부산광역시 강서구 신호산단3로27(신호동,관리동)",,35.08837304,128.8736146,0
강서구,부영2차경로당,"부산광역시 강서구 신호산단4로 27(신호동, 관리동)",,35.08703952,128.8735345,0.228422984
강서구,부영3차경로당,"부산광역시 강서구 신호산단5로 31(신호동, 관리동)",,35.08533516,128.8748761,0.968981922
강서구,부영5차경로당,"부산광역시 강서구 신호산단1로 101(신호동, 관리동)",,35.08290161,128.873589,0.484358668
강서구,사암경로당,부산광역시 강서구 화전산단5로 131 (화전동),,35.11056462,128.8775375,0
강서구,지사휴먼시아경로당,부산광역시 강서구 과학산단2로20번길 38-1 (지사동),,35.15053777,128.834879,18.86717415
강서구,협성엘리시안경로당,부산광역시 강서구 과학산단로306번길 10(지사동),,35.14972124,128.8369449,16.98797798
강서구,금강경로당,"부산광역시 강서구 과학산단2로20번길69, 금강@(지사동)",,35.15089695,128.8389874,24.73167992
강서구,지사삼정경로당,"부산광역시 강서구 과학산단2로20번길91, 삼정그린코아@(지사동)",,35.151526,128.840834,31.67792702
강서구,녹산동14통세산경로당,부산광역시 강서구 범방3로 72번길 7(범방동),,35.149847,128.882198,-0.851699889
강서구,동선경로당,부산광역시 강서구 동선길 120 (동선동),,35.05278198,128.8317765,7.791562557
강서구,성북경로당,부산광역시 강서구 동선3안길 12 (성북동),,35.05307156,128.8302996,11.08033752
강서구,천성경로당,부산광역시 강서구 가덕해안로821번길 100-1 (천성동),,35.02887034,128.8167174,8.767248154
강서구,대항경로당,"부산광역시 강서구 가덕해안로1208번길 9 (2층, 대항동)",,35.01257009,128.827687,0
강서구,대항할머니경로당,"부산광역시 강서구 가덕해안로1208번길 9 (1층, 대항동)",,35.01257009,128.827687,0
강서구,남중할머니경로당,부산광역시 강서구 가덕해안로 795 (천성동),,35.02736209,128.8158038,1.96675086
강서구,서중할머니경로당,부산광역시 강서구 가덕해안로821번길 145 (천성동),,35.03083741,128.8164302,6.455269337
강서구,선창경로당,부산광역시 강서구 선창1길 21 (성북동),,35.06457251,128.8344179,0
강서구,두문경로당,부산광역시 강서구 가덕해안로 673-22 (천성동),,35.03662002,128.8130903,10.40573215
강서구,생교경로당,부산광역시 강서구 동선새바지길 179-1(동선동),,35.05392447,128.8412484,0
강서구,외눌경로당,부산광역시 강서구 동선새바지길 647 (눌차동),,35.06712818,128.8402658,0
강서구,항월경로당,부산광역시 강서구 가덕해안로 2번길 292(눌차동),,35.07338469,128.8401765,0
강서구,항월할머니경로당,부산광역시 강서구 가덕해안로2번나길 55-16(눌차동),,35.07312459,128.8399875,0.00550436974
강서구,내눌경로당,부산광역시 강서구 동선새바지길 567 (눌차동),,35.06441932,128.8422224,0
강서구,외항포경로당,부산광역시 강서구 가덕해안로 1309 (대항동),,35.00674503,128.8253056,5.861999512
강서구,정거경로당,부산광역시 강서구 가덕해안로2번길 636 (눌차동),,35.06834133,128.8549701,0
강서구,동선할머니경로당,부산광역시 강서구 동선길 98-3 (동선동),,35.05311315,128.8321197,4.068336487
기장군,1주공,"부산광역시 기장군 기장읍 대청로35번길 49, 1주공아파트상가 2층",051-722-3078,35.2400995,129.2139568,25.5398674
기장군,가화만사성,부산광역시 기장군 기장읍 차성동로 167-10,051-722-2870,35.2530412,129.2163837,19.42522621
기장군,교리1남자,부산광역시 기장군 기장읍 차성로 417번길 27 2층,051-723-0039,35.2566405,129.215732,28.69038963
기장군,교리1여자,부산광역시 기장군 기장읍 차성로 417번길 27 1층,051-723-0039,35.2566405,129.215732,28.69038963
기장군,교리2남자,"부산광역시 기장군 기장읍 차성동로178번길 22, 원재아트빌 101호 1층",051-721-0292,35.2533186,129.2196239,21.9155941
기장군,교리2여자,"부산광역시 기장군 기장읍 차성동로178번길 22, 원재아트빌 101호 1층",051-721-0292,35.2533186,129.2196239,21.9155941
기장군,교리주공남자,"부산광역시 기장군 기장읍 차성로397번길 7, 교리주공아파트 1층",051-724-6066,35.253215,129.214253,32.31860733
기장군,교리주공여자,"부산광역시 기장군 기장읍 차성로397번길 7, 교리주공아파트 1층",051-722-1300,35.253215,129.214253,32.31860733
기장군,궁전남자,"부산광역시 기장군 기장읍 차성남로 13-6 3층(엘리베이터 없음,안전손잡이 설치)",,35.2417252,129.2100379,36.62252045
기장군,궁전여자,"부산광역시 기장군 기장읍 차성남로 13-6 3층(엘리베이터 없음,안전손잡이 설치)",,35.2417252,129.2100379,36.62252045
기장군,대라남자,"부산광역시 기장군 기장읍 차성로288번길 9-1, 2층",051-721-1945,35.2433874,129.214164,17.81672668
기장군,대라여자,"부산광역시 기장군 기장읍 차성로288번길 9-1, 1층",,35.2433874,129.214164,17.81672668
기장군,대라하이츠,부산광역시 기장군 기장읍 대청로 13(삼흥하이츠),051-722-2290,35.238151,129.211751,39.0128746
기장군,동부1남자,부산광역시 기장군 기장읍 읍내로 77번길 6 2층,051-724-2603,35.2455509,129.213058,28.50708771
기장군,동부1여자,부산광역시 기장군 기장읍 읍내로 77번길 6 1층,051-724-2235,35.2455509,129.213058,28.50708771
기장군,동부4남,부산광역시 기장군 기장읍 차성동로 102번길 19 1층,051-721-0767,35.2468547,129.2180493,10.10351658
기장군,동부4여,부산광역시 기장군 기장읍 차성동로 102번길 19 1층,051-721-0737,35.2468547,129.2180493,10.10351658
기장군,동부2리여자,부산광역시 기장군 기장읍 차성동로 142번길 12-1,051-722-4524,35.2501738,129.2186395,11.9284811
기장군,동산그린,"부산광역시 기장군 기장읍 차성동로 122번길 30, 동산그린타워 경로당건물",051-721-3454,35.2483605,129.2184366,12.58832455
기장군,동서남자,부산광역시 기장군 기장읍 동서길 89 1층,051-721-1983,35.2589937,129.1986844,77.2999115
기장군,동서여자,부산광역시 기장군 기장읍 동서길 89 1층,051-721-1983,35.2589937,129.1986844,77.2999115
기장군,문화그린,"부산광역시 기장군 기장읍 차성로 417번길 21, 문화그린아파트",051-721-0924,35.2562703,129.2153764,27.18836212
기장군,사라남자,부산광역시 기장군 기장읍 차성로 249번길 31 2층,051-721-4451,35.2393402,129.2116592,26.82927322
기장군,사라여자,부산광역시 기장군 기장읍 차성로 249번길 31 1층,,35.2393402,129.2116592,26.82927322
기장군,사라3남자,부산광역시 기장군 기장읍 차성로 215번길3 서인골든빌라 7차  1층,,35.2365774,129.2126607,33.86634445
기장군,사라3여자,부산광역시 기장군 기장읍 차성로 215번길3 서인골든빌라 7차  1층,,35.2365774,129.2126607,33.86634445
기장군,서부남자,부산광역시 기장군 기장읍 차성서로 130번길 25 2층,051-722-0049,35.2444554,129.2115694,30.54179955
기장군,서부여자,부산광역시 기장군 기장읍 차성서로 130번길 25 1층,051-722-0049,35.2444554,129.2115694,30.54179955
기장군,서부주공남자,"부산광역시 기장군 기장읍 차성서로 123, 서부주공 관리동 2층",051-723-1977,35.2441605,129.2095439,32.17369461
기장군,서부주공여자,"부산광역시 기장군 기장읍 차성서로 123, 서부주공 관리동 2층",051-723-1080,35.2441605,129.2095439,32.17369461
기장군,성신목화남자,"부산광역시 기장군 기장읍 차성로 442, 성신목화아파트 지하",051-721-6180,35.2546498,129.2182685,18.00693893
기장군,성신목화여자,"부산광역시 기장군 기장읍 차성로 442, 성신목화아파트 지하",051-721-6180,35.2546498,129.2182685,18.00693893
기장군,원마1리,"부산광역시 기장군 기장읍 차성남로 23, 월가아델리스아파트",,35.2416343,129.2108287,33.78863144
기장군,원마2리남자,부산광역시 기장군 기장읍 차성동로 25번길 24 2층,,35.2400773,129.2153889,26.18420219
기장군,원마2리여자,부산광역시 기장군 기장읍 차성동로 25번길 24  1층,,35.2400773,129.2153889,26.18420219
기장군,이진스카이빌,"부산광역시 기장군 기장읍 차성서로158-12, 이진스카이빌 101-114",051-923-3595,35.2472991,129.2115437,20.85186577
기장군,이진캐스빌,부산광역시 기장군 기장읍 차성서로 51,051-924-3595,35.2379257,129.2095266,41.42914963
기장군,이진캐스빌골드,"부산광역시 기장군 기장읍 대청로 7, 이진캐스빌골드",051-724-6606,35.238467,129.21085,39.09185791
기장군,이진캐스빌블루1남자,"부산광역시 기장군 기장읍 차성로 461, 이진캐스빌블루1차 관리동 2층",,35.2569225,129.2191429,36.08970261
기장군,이진캐스빌블루1여자,"부산광역시 기장군 기장읍 차성로 461, 이진캐스빌블루1차 관리동 2층",,35.2569225,129.2191429,36.08970261
기장군,이진캐스빌블루2차,"부산광역시 기장군 기장읍 차성로 452, 이진캐스빌블루 2차",,35.2555307,129.2190415,23.36527634
기장군,이진테마빌,"부산광역시 기장군 기장읍 배산로8번길 51, 101동 109호 이진테마빌",051-724-3822,35.2503117,129.2106442,52.5447731
기장군,전원그린,"부산광역시 기장군 기장읍 차성동로154번길 28, 전원그린B동",051-722-0629,35.2528678,129.2191029,16.28150177
기장군,태영남자,"부산광역시 기장군 기장읍 차성로 441번길 7, 태영아파트 관리동 1층",051-722-7573,35.2554371,129.2178762,21.02366447
기장군,태영여자,"부산광역시 기장군 기장읍 차성로 441번길 7, 태영아파트 관리동 1층",051-722-7573,35.2554371,129.2178762,21.02366447
기장군,포스코더샵,"부산광역시 기장군 기장읍 차성동로 116번길 12, 포스코아파트 101-101",051-724-0802,35.2481847,129.217579,11.59472179
기장군,한신남자,"부산광역시 기장군 기장읍 차성로 344번길 13, 한신아파트 105동103호",051-921-1020,35.2487727,129.2153662,17.49686623
기장군,한신여자,"부산광역시 기장군 기장읍 차성로 344번길 13, 한신아파트 105동104호",051-722-5054,35.2487727,129.2153662,17.49686623
기장군,공수남자,부산광역시 기장군 기장읍 공수1길 18,051-721-3865,35.1834293,129.2117685,6.834550858
기장군,공수여자,부산광역시 기장군 기장읍 공수1길 18,051-721-4036,35.1834293,129.2117685,6.834550858
기장군,내동,부산광역시 기장군 기장읍 내리길 146-39,051-721-3115,35.2181395,129.2002351,38.19245911
기장군,내리휴먼시아1단지남자,부산광역시 기장군 기장읍 소정안길 72-1,051-724-2102,35.2040606,129.203756,59.67446518
기장군,내리휴먼시아1단지여자,"부산광역시 기장군 기장읍 소정안길 68, 휴먼시아1단지 (110동 1층)",051-721-3445,35.2069689,129.2052236,17.81739235
기장군,동부산뜨란채,"부산광역시 기장군 기장읍 기장대로 67, 동부산뜨란채 (관리동 1층)",,35.2035264,129.2055177,14.98340225
기장군,대변남자,"부산광역시 기장군 기장읍 기장해안로 600, (여자) 기장읍 기장해안로 605",051-721-4063,35.2247277,129.2297653,0
기장군,대변여자,"부산광역시 기장군 기장읍 기장해안로 600, (여자) 기장읍 기장해안로 605",051-721-4063,35.2247277,129.2297653,0
기장군,동암남자,부산광역시 기장군 기장읍 동암3길 10,051-721-8660,35.1961149,129.2237183,10.01712704
기장군,동암여자,부산광역시 기장군 기장읍 동암3길 10,051-721-8660,35.1961149,129.2237183,10.01712704
기장군,두호남자,부산광역시 기장군 기장읍 두호길 25-26,051-721-6218,35.2417735,129.2468335,0.0191933475
기장군,두호여자,부산광역시 기장군 기장읍 두호길 25-26,051-722-5002,35.2417735,129.2468335,0.0191933475
기장군,무곡,부산광역시 기장군 기장읍 무곡길 4,051-722-7853,35.2272418,129.211877,35.00331497
기장군,무양남자,부산광역시 기장군 기장읍 무양2길 33 2층(엘리베이터 있음),051-721-6127,35.226274,129.225931,7.68987608
기장군,무양여자,부산광역시 기장군 기장읍 무양2길 33 2층(엘리베이터 있음),051-721-6127,35.226274,129.225931,7.68987608
기장군,서암남자,부산광역시 기장군 기장읍 연화1길 47,051-721-3378,35.2144982,129.2228234,0.773627758
기장군,서암여자,부산광역시 기장군 기장읍 연화1길 47,051-721-3378,35.2144982,129.2228234,0.773627758
기장군,석산,부산광역시 기장군 기장읍 석산1길 15,051-722-2141,35.2056451,129.2100778,20.75433731
기장군,소정1남자,부산광역시 기장군 기장읍 소정안길 4-6,051-721-0041,35.2022359,129.2061255,9.882515907
기장군,소정1여자,부산광역시 기장군 기장읍 소정안길 4-6,,35.2022359,129.2061255,9.882515907
기장군,소정2,부산광역시 기장군 기장읍 백동길 112,051-724-2959,35.1996386,129.2004625,9.377199173
기장군,신암남자,부산광역시 기장군 기장읍 연화1길 185,051-722-0771,35.2183018,129.2277341,0
기장군,신암여자,부산광역시 기장군 기장읍 연화1길 185,,35.2183018,129.2277341,0
기장군,신천,부산광역시 기장군 기장읍 마장터길 12,051-722-9242,35.2413414,129.2258718,16.18631363
기장군,양경,부산광역시 기장군 기장읍 당사로1길35,,35.1833959,129.2092388,16.01847649
기장군,오신,부산광역시 기장군 기장읍 내리1길 63,,35.2088328,129.2073135,11.83164406
기장군,우신네오빌남자,"부산광역시 기장군 기장읍 청강로 76, 우신네오빌 (관리동 1층)",051-924-4066,35.238467,129.2227095,29.19817924
기장군,우신네오빌여자,"부산광역시 기장군 기장읍 청강로 76, 우신네오빌 (관리동 1층)",051-724-4134,35.238467,129.2227095,29.19817924
기장군,원죽1구,부산광역시 기장군 기장읍 죽성로 238,051-721-8389,35.2446259,129.2421406,4.540311337
기장군,월전남자,부산광역시 기장군 기장읍 기장해안로 940,051-721-6065,35.238544,129.2427114,0
기장군,월전여자,부산광역시 기장군 기장읍 기장해안로 940,051-721-6065,35.238544,129.2427114,0
기장군,2주공남,"부산광역시 기장군 기장읍 청강로 6, 청강주공2단지 (관리동 2층)",051-721-0880,35.2334858,129.2178498,21.76956749
기장군,2주공여,"부산광역시 기장군 기장읍 청강로 6, 청강주공2단지 (관리동 2층)",051-721-8818,35.2334858,129.2178498,21.76956749
기장군,청강남자,부산광역시 기장군 기장읍 대청로71번길 24 (2층),051-722-7853,35.2384133,129.2188712,13.96909714
기장군,청강여자,부산광역시 기장군 기장읍 대청로71번길 24 (2층),051-721-7936,35.2384133,129.2188712,13.96909714
기장군,현대남자,"부산광역시 기장군 기장읍 청강대로 563, 기장현대 (경로당건물 2층)",051-722-4383,35.2387394,129.215817,28.01513672
기장군,현대여자,"부산광역시 기장군 기장읍 청강대로 563, 기장현대 (경로당건물 1층)",051-722-4383,35.2387394,129.215817,28.01513672
기장군,삼정그린코아,부산광역시 기장군 기장읍 기장대로 82-8(삼정그린코아경로당),051-723-9441,35.2486879,129.2153488,16.86096382
기장군,당사,부산광역시 기장군 기장군 기장읍 당사로8길 13,,35.1879871,129.2102064,21.2154274
기장군,가화일광타워남자,"부산광역시 기장군 일광면 이천10길 37, 가화일광타워 101-101",051-927-0123,35.2693803,129.2356797,1.996895552
기장군,가화일광타워여자,"부산광역시 기장군 일광면 이천10길 37, 가화일광타워 101-101",051-927-0123,35.2693803,129.2356797,1.996895552
기장군,광산,부산광역시 기장군 일광면 달음길 44,051-727-8065,35.3092426,129.2279466,50.26739883
기장군,당곡,부산광역시 기장군 일광면 당곡길 19-20,051-724-6455,35.2842048,129.2233363,22.30017662
기장군,대리,부산광역시 기장군 일광면 대리길 8,051-721-7290,35.2915704,129.2063103,41.35709381
기장군,동백남자,부산광역시 기장군 일광면 동백길 3,051-727-6967,35.2896753,129.2566393,1.7865448
기장군,동백여자,부산광역시 기장군 일광면 동백길 3,051-727-6965,35.2896753,129.2566393,1.7865448
기장군,문동남자,부산광역시 기장군 일광면 창마을길 19-3(문동어업인복지회관),051-727-6244,35.3078108,129.2567724,9.431648254
기장군,문동여자,부산광역시 기장군 일광면 창마을길 19-3(문동어업인복지회관),051-727-1278,35.3078108,129.2567724,9.431648254
기장군,문중남자,부산광역시 기장군 일광면 문중길 29,051-727-4900,35.3034026,129.2579576,1.540798664
기장군,문중여자,부산광역시 기장군 일광면 문중길 29,051-727-4900,35.3034026,129.2579576,1.540798664
기장군,산수곡,부산광역시 기장군 일광면 화용길 206 1층,051-721-4896,35.286316,129.2123884,28.10411835
기장군,삼덕남자,부산광역시 기장군 일광면 삼덕길2,051-721-4428,35.2707975,129.2290873,29.05696106
기장군,삼덕여자,부산광역시 기장군 일광면 삼덕길2,051-721-7131,35.2707975,129.2290873,29.05696106
기장군,삼성남자,"부산광역시 기장군 일광면 기장해안로 1333, 2층",051-721-4533,35.2627285,129.2326371,0
기장군,삼성여자,"부산광역시 기장군 일광면 기장해안로 1333, 1층",051-722-0999,35.2627285,129.2326371,0
기장군,삼성2리,부산광역시 기장군 일광면 삼성2길 6-7,,35.2650122,129.2341707,0.0858389437
기장군,상곡(일광),부산광역시 기장군 일광면 화용길 366,,35.2964109,129.2025726,72.7135849
기장군,상리,부산광역시 기장군 일광면 청원길 193,051-727-5900,35.3044546,129.2307869,44.64352417
기장군,선우남자,"부산광역시 기장군 일광면 일역길 75-38, 선우아파트 (경로당 건물 1층)",051-721-1085,35.2617156,129.2319064,2.922653198
기장군,선우여자,"부산광역시 기장군 일광면 일역길 75-38, 선우아파트 (경로당 건물 1층)",051-721-3367,35.2617156,129.2319064,2.922653198
기장군,신평남자,부산광역시 기장군 일광면 일광로 589,051-727-4620,35.2946033,129.2591144,5.951471329
기장군,신평여자,부산광역시 기장군 일광면 일광로 589,051-727-4620,35.2946033,129.2591144,5.951471329
기장군,원당남자,부산광역시 기장군 일광면 원당길 6-4,051-727-5680,35.3058646,129.2481746,33.3336525
기장군,원당여자,부산광역시 기장군 일광면 원당길 6-4,051-727-5680,35.3058646,129.2481746,33.3336525
기장군,이동남자,"부산광역시 기장군 일광면 이동1길 10-2, 2층",051-721-6270,35.2732033,129.2439781,10.86139965
기장군,이동여자,"부산광역시 기장군 일광면 이동1길 10-2, 1층",051-722-3033,35.2732033,129.2439781,10.86139965
기장군,이천동서남자,"부산광역시 기장군 일광면 이천1길 7, 2층",051-721-0608,35.2656546,129.2356136,0
기장군,이천동서여자,"부산광역시 기장군 일광면 이천1길 7, 1층",,35.2656546,129.2356136,0
기장군,이천여자,"부산광역시 기장군 일광면 이천길 3, 2층",051-721-1341,35.2662426,129.2350532,0
기장군,장수,"부산광역시 기장군 일광면 이천길 3, 2층",051-722-1820,35.2662426,129.2350532,0
기장군,청광,부산광역시 기장군 일광면 청광길 41-1,051-727-0227,35.2955931,129.232502,43.76322556
기장군,칠암남자,"부산광역시 기장군 일광면 문오성길 485-5, 2층",051-727-4579,35.2972168,129.2602806,0
기장군,칠암여자,"부산광역시 기장군 일광면 문오성길 485-5, 1층",051-727-6812,35.2972168,129.2602806,0
기장군,하리,부산광역시 기장군 일광면 청원길 303-60,051-727-0831,35.3136071,129.2346567,14.06307888
기장군,학리남자,부산광역시 기장군 일광면 학리4길 13,051-721-2261,35.2568555,129.2444151,3.996865273
기장군,학리여자,부산광역시 기장군 일광면 학리4길 13,051-721-2261,35.2568555,129.2444151,3.996865273
기장군,화전남자,부산광역시 기장군 일광면 화전2길 18,051-721-1577,35.280717,129.2318247,10.25375271
기장군,화전여자,부산광역시 기장군 일광면 화전2길 18,051-721-1577,35.280717,129.2318247,10.25375271
기장군,회룡,부산광역시 기장군 일광면 회룡길 9-4,051-722-0150,35.2849542,129.2050755,44.35858154
기장군,횡계,부산광역시 기장군 일광면 횡계길 33,051-721-6825,35.2733197,129.2271152,13.71711922
기장군,동백온정,부산광역시 기장군 일광면 일광로 456,,35.2832187,129.2565791,5.077976227
기장군,가동,부산광역시 기장군 정관읍 가동옛길 17,051-728-3770,35.332205,129.1798261,97.18289185
기장군,정관가화만사성,"부산광역시 기장군 정관읍 방곡로 39, 가화만사성 정관타운 (108동 1층)",,35.3274796,129.1899585,84.65998077
기장군,계룡리슈빌,"부산광역시 기장군 정관읍 정관로 513, 계룡리슈빌 109-107",,35.323555,129.171993,71.27845001
기장군,구연남자,부산광역시 기장군 정관읍 구연1로 11-5,051-728-3233,35.3204985,129.1830324,56.08132935
기장군,구연여자,부산광역시 기장군 정관읍 구연1로 11-5,051-728-3233,35.3204985,129.1830324,56.08132935
기장군,낙원남자,"부산광역시 기장군 정관읍 용수공단2길 64-20, 낙원대아파트",051-727-2153,35.32446,129.1614602,193.7165985
기장군,낙원여자,"부산광역시 기장군 정관읍 용수공단2길 64-20, 낙원대아파트",,35.32446,129.1614602,193.7165985
기장군,달산6리,부산광역시 기장군 정관읍 달산4길 81,,35.3179614,129.1789317,74.0769043
기장군,덕산(정관),부산광역시 기장군 정관읍 정관덕산2길 18-40,051-728-5531,35.3224745,129.1830095,51.08934402
기장군,정관1차동원로얄듀크남자,"부산광역시 기장군 정관읍 산단4로 139, 동원로얄듀크 1차 (108동 1층)",,35.318789,129.192082,50.7780304
기장군,정관1차동원로얄듀크여자,"부산광역시 기장군 정관읍 산단4로 139, 동원로얄듀크 1차 (108동 1층)",,35.318789,129.192082,50.7780304
기장군,동원로얄2차남자,"부산광역시 기장군 정관읍 정관5로 12, 동원로얄듀크 2차 (관리동 1층)",,35.318278,129.17702,78.74617767
기장군,동원로얄2차여자,"부산광역시 기장군 정관읍 정관5로 12, 동원로얄듀크 2차 (관리동 1층)",,35.318278,129.17702,78.74617767
기장군,정관동일1차남자,"부산광역시 기장군 정관읍 정관4로 24, 동일스위트 1차 (관리동 1층)",,35.3240883,129.1695988,89.72064209
기장군,정관동일1차여자,"부산광역시 기장군 정관읍 정관4로 24, 동일스위트 1차 (관리동 1층)",,35.3240883,129.1695988,89.72064209
기장군,정관동일2차남자,"부산광역시 기장군 정관읍 정관3로 23, 동일스위트 2차 (경로당 건물)",,35.3299094,129.1658454,111.3334122
기장군,정관동일2차여자,"부산광역시 기장군 정관읍 정관3로 23, 동일스위트 2차 (경로당 건물)",,35.3299094,129.1658454,111.3334122
기장군,정관동일3차남자,"부산광역시 기장군 정관읍 모전1길 9, 동일스위트 3차 (관리동 1층)",,35.335747,129.166768,112.4142761
기장군,정관동일3차여자,"부산광역시 기장군 정관읍 모전1길 9, 동일스위트 3차 (관리동 1층)",,35.335747,129.166768,112.4142761
기장군,두명남자,부산광역시 기장군 정관읍 부명2길 34,051-508-7121,35.3618693,129.1462931,139.749939
기장군,두명여자,부산광역시 기장군 정관읍 부명2길 34,,35.3618693,129.1462931,139.749939
기장군,롯데캐슬1차남자,"부산광역시 기장군 정관읍 정관3로 52, 롯데캐슬 (102동 1층)",051-727-2036,35.3284684,129.1702296,81.00421143
기장군,롯데캐슬1차여자,"부산광역시 기장군 정관읍 정관3로 52, 롯데캐슬 (102동 1층)",051-727-2036,35.3284684,129.1702296,81.00421143
기장군,롯데캐슬2차남자,"부산광역시 기장군 정관읍 정관3로 51, 롯데캐슬2차 210-103",,35.3283139,129.1702939,80.92446899
기장군,롯데캐슬2차여자,"부산광역시 기장군 정관읍 정관3로 51, 롯데캐슬2차 210-103",,35.3283139,129.1702939,80.92446899
기장군,매곡,부산광역시 기장군 정관읍 매곡길 25-1,051-728-4824,35.3176057,129.1743806,86.85502625
기장군,모전리,부산광역시 기장군 정관읍 양수길 7-11,,35.3304108,129.1620117,147.9036255
기장군,병산남자,부산광역시 기장군 정관읍 병산로 246,051-728-4921,35.3477555,129.1881559,120.9956589
기장군,병산여자,부산광역시 기장군 정관읍 병산로 246,051-728-5478,35.3477555,129.1881559,120.9956589
기장군,산막남자,부산광역시 기장군 정관읍 산막길 15-1 2층,051-728-8884,35.3322474,129.1712927,71.23763275
기장군,산막여자,부산광역시 기장군 정관읍 산막길 15-1 1층,051-728-5893,35.3322474,129.1712927,71.23763275
기장군,상곡,부산광역시 기장군 정관읍 정관상곡1길 83,051-727-2936,35.3197845,129.1638216,159.5138855
기장군,상곡2남자,"부산광역시 기장군 정관읍 정관중앙로 83-13, 형진아파트 (경로당 건물)",051-728-3332,35.3236381,129.1794428,57.45253754
기장군,상곡2여자,"부산광역시 기장군 정관읍 정관중앙로 83-13, 형진아파트 (경로당 건물)",051-728-3013,35.3236381,129.1794428,57.45253754
기장군,서편,부산광역시 기장군 정관읍 서편길 17 1층,051-728-3132,35.3259784,129.2023439,52.17849731
기장군,서희스타힐스남자,"부산광역시 기장군 정관읍 방곡3로 11, 서희스타힐스 (307동 1층)",,35.3258761,129.1881612,74.74933624
기장군,서희스타힐스여자,"부산광역시 기장군 정관읍 방곡3로 11, 서희스타힐스 (307동 1층)",,35.3258761,129.1881612,74.74933624
기장군,독점.강변1리,부산광역시 기장군 정관읍 정관로 744-43,051-727-4458,35.321987,129.194299,51.95479965
기장군,센트럴파크남자,"부산광역시 기장군 정관읍 구연방곡로 10, 센트럴파크 (관리동 1층)",051-728-7745,35.320165,129.1856945,54.60956192
기장군,센트럴파크여자,"부산광역시 기장군 정관읍 구연방곡로 10, 센트럴파크 (관리동 1층)",051-728-7745,35.320165,129.1856945,54.60956192
기장군,정관신동아파밀리에남자,"부산광역시 기장군 정관읍 정관5로 75, 신동아파밀리에 (관리동 2층)",,35.3254826,129.174935,65.34863281
기장군,정관신동아파밀리에여자,"부산광역시 기장군 정관읍 정관5로 75, 신동아파밀리에 (관리동 2층)",051-728-0720,35.3254826,129.174935,65.34863281
기장군,예림남자,부산광역시 기장군 정관읍 예림길 30,051-728-3427,35.3276341,129.2064224,52.38547897
기장군,예림여자,부산광역시 기장군 정관읍 예림길 30,,35.3276341,129.2064224,52.38547897
기장군,월평남자,부산광역시 기장군 정관읍 월평2길 62,051-508-6130,35.3633425,129.1379502,133.0335236
기장군,월평여자,부산광역시 기장군 정관읍 월평2길 62,051-508-6130,35.3633425,129.1379502,133.0335236
기장군,정관이지더원1차남자,"부산광역시 기장군 정관읍 정관1로 18, 이지더원 1차 (106동 1층)",,35.3386763,129.1638511,144.7406311
기장군,정관이지더원1차여자,"부산광역시 기장군 정관읍 정관1로 18, 이지더원 1차 (106동 1층)",,35.3386763,129.1638511,144.7406311
기장군,정관이지더원2차남자,"부산광역시 기장군 정관읍 정관2로 9, 이지더원 2차 (관리동 1층)",051-728-6638,35.3351357,129.1630626,144.2410889
기장군,정관이지더원2차여자,"부산광역시 기장군 정관읍 정관2로 9, 이지더원 2차 (관리동 1층)",,35.3351357,129.1630626,144.2410889
기장군,정관이지더원3차남자,"부산광역시 기장군 정관읍 정관로 350, 이지더원 3차 (관리동 1층)",,35.3368852,129.1613769,159.3897247
기장군,이진캐스빌,"부산광역시 기장군 정관읍 정관로 545, 이진캐스빌 (106동 1층)",,35.3229331,129.1729814,70.24478149
기장군,임곡남자,부산광역시 기장군 정관읍 임곡1길 4,051-508-3221,35.352807,129.137076,110.6380386
기장군,임곡여자,부산광역시 기장군 정관읍 임곡1길 4,051-508-3221,35.352807,129.137076,110.6380386
기장군,재흥,"부산광역시 기장군 정관읍 정관로 750-24, 재흥아파트 (관리동 1층)",051-727-6133,35.3220122,129.1960708,47.72475815
기장군,평전,부산광역시 기장군 정관읍 용수1길 19,051-728-3329,35.3289863,129.1738985,67.08380127
기장군,풀리페,"부산광역시 기장군 정관읍 정관5로 144, 풀리페 (관리동 1층)",,35.32907,129.1801539,75.64427948
기장군,한진해모로,"부산광역시 기장군 정관읍 정관로 548, 한진해모로 (1610동 1층)",,35.3214285,129.1727397,73.2498703
기장군,현진에버빌남자,"부산광역시 기장군 정관읍 정관2로 40, 현진에버빌 (관리동 1층)",051-727-7295,35.334217,129.167439,102.3261642
기장군,현진에버빌여자,"부산광역시 기장군 정관읍 정관2로 40, 현진에버빌 (관리동 1층)",051-727-7295,35.334217,129.167439,102.3261642
기장군,협성르네상스,"부산광역시 기장군 정관읍 정관4로 68, 정관협성르네상스타운 (102동 1층)",,35.3265818,129.1704657,79.98510742
기장군,휴먼시아1남자,부산광역시 기장군 정관읍 정관4로 23 휴먼시아1단지 (관리동 2층),051-727-0468,35.3264053,129.1680804,103.7149353
기장군,휴먼시아1여자,부산광역시 기장군 정관읍 정관4로 23 휴먼시아1단지 (관리동 2층),051-727-0468,35.3264053,129.1680804,103.7149353
기장군,휴먼시아2남자,부산광역시 기장군 정관읍 정관2로 24 휴먼시아2단지 (관리동 1층),051-727-6560,35.3325689,129.164187,130.0594177
기장군,휴먼시아2여자,부산광역시 기장군 정관읍 정관2로 24 휴먼시아2단지 (관리동 1층),051-727-6560,35.3325689,129.164187,130.0594177
기장군,정관LH4단지남자,"부산광역시 기장군 정관읍 산단4로 160, 엘에이치 4단지 (406동 1층)",051-727-0811,35.3144978,129.1834239,88.68252563
기장군,정관LH4단지여자,"부산광역시 기장군 정관읍 산단4로 160, 엘에이치 4단지 (406동 1층)",,35.3144978,129.1834239,88.68252563
기장군,정관LH5단지남자,"부산광역시 기장군 정관읍 산단2로 60, 엘에이치 5단지 514-1",,35.3135424,129.1900656,131.9979095
기장군,정관LH5단지여자,"부산광역시 기장군 정관읍 산단2로 60, 엘에이치 5단지 514-2",051-727-3624,35.3135424,129.1900656,131.9979095
기장군,이지더원3차여자,"부산광역시 기장군 정관읍 정관로 350, 이지더원 3차 (관리동 1층)",,35.3368852,129.1613769,159.3897247
기장군,이지5차,"부산광역시 기장군 정관읍 방곡로 29, 이지더원 5차 (505동 1층)",,35.3273607,129.1884933,81.79334259
기장군,정관LH7단지남자,부산광역시 기장군 정관읍 모전로 41 휴먼시아7단지(714동),,35.3366109,129.1684778,98.68404388
기장군,정관LH7단지여자,부산광역시 기장군 정관읍 모전로 41 휴먼시아7단지(714동),,35.3366109,129.1684778,98.68404388
기장군,정관이진캐스빌2,부산광역시 기장군 정관읍 가동3로 19,051-727-7735,35.3284991,129.1818619,71.84060669
기장군,가화테라스1차남자,부산광역시 기장군 정관읍 구연방곡로 120,051-727-9011,35.321364,129.190227,50.89382172
기장군,가화테라스1차여자,부산광역시 기장군 정관읍 구연방곡로 120,051-727-9011,35.321364,129.190227,50.89382172
기장군,가화테라스2차,부산광역시 기장군 정관읍 구연방곡로 106,051-727-7263,35.32461,129.188947,68.38291168
기장군,개천,부산광역시 기장군 장안읍 오리길 285,051-727-6711,35.3533088,129.2778216,40.23596954
기장군,고무,부산광역시 기장군 장안읍 고무마을길 29-9,051-727-1703,35.3482326,129.2625916,77.82770538
기장군,구기,부산광역시 기장군 장안읍 구기길 37,051-727-3928,35.3336327,129.2662431,23.64149475
기장군,기룡남자,부산광역시 기장군 장안읍 기룡1길 35 1층,051-727-1082,35.3558397,129.2505946,30.62247467
기장군,기룡여자,부산광역시 기장군 장안읍 기룡1길 35 1층,051-727-1174,35.3558397,129.2505946,30.62247467
기장군,길천남자,부산광역시 기장군 장안읍 길천2길 26,051-727-2031,35.3278324,129.2820816,0.214141712
기장군,길천여자,부산광역시 기장군 장안읍 길천1길 39,051-727-0881,35.327927,129.2867564,0.749282241
기장군,내덕남자,부산광역시 기장군 장안읍 내덕길 221 2층,,35.3322379,129.2183149,134.431427
기장군,내덕여자,부산광역시 기장군 장안읍 내덕길 221 1층,051-727-2342,35.3322379,129.2183149,134.431427
기장군,대룡남자,부산광역시 기장군 장안읍 대룡1길 17 1층,051-727-5619,35.3711753,129.2644237,80.28286743
기장군,대룡여자,부산광역시 기장군 장안읍 대룡1길 17 1층,051-727-5619,35.3711753,129.2644237,80.28286743
기장군,대명,부산광역시 기장군 장안읍 협동로 104,051-727-4568,35.3766926,129.2506346,93.45809174
기장군,덕산(장안),부산광역시 기장군 장안읍 덕산1길 10,051-727-1110,35.3261791,129.2401182,27.77446938
기장군,도야,부산광역시 기장군 장안읍 도야길 7-1,051-727-6261,35.3754428,129.2610072,73.61251831
기장군,반룡,부산광역시 기장군 장안읍 반룡2길 1,051-727-1141,35.3390993,129.2637511,7.00908947
기장군,상장안남자,부산광역시 기장군 장안읍 상장안3길 2-7 2층,051-727-1531,35.3702523,129.2459475,60.83282471
기장군,상장안여자,부산광역시 기장군 장안읍 상장안3길 2-7 1층,051-727-1079,35.3702523,129.2459475,60.83282471
기장군,선암,부산광역시 기장군 장안읍 선암길 76,051-727-3909,35.3314363,129.2299981,99.16238403
기장군,시장남자,부산광역시 기장군 장안읍 장곡길 173-1,,35.3088443,129.2437296,4.215304375
기장군,시장여자,부산광역시 기장군 장안읍 장곡길 177 1층,051-727-1932,35.3088656,129.24341,4.569648743
기장군,장안신리,부산광역시 기장군 장안읍 신리길17-34 1층,051-727-5894,35.3562866,129.2678256,92.10788727
기장군,신명,부산광역시 기장군 장안읍 신명길 56-49,051-727-3005,35.384036,129.2613611,133.2160339
기장군,용소남자,부산광역시 기장군 장안읍 용소길 48 1층,051-727-6395,35.3439459,129.2458537,30.88376427
기장군,용소여자,부산광역시 기장군 장안읍 용소길 48 1층,,35.3439459,129.2458537,30.88376427
기장군,월내남자,부산광역시 기장군 장안읍 월내해안길 107-29 1층,051-727-1615,35.3273611,129.2800329,0.0215553567
기장군,월내여자,부산광역시 기장군 장안읍 월내해안길 107-29 1층,051-727-3455,35.3273611,129.2800329,0.0215553567
기장군,월내제2여자,부산광역시 기장군 장안읍 해맞이로 366,,35.3262224,129.2768288,1.57E-06
기장군,임랑남자,부산광역시 기장군 장안읍 임랑2길 1-6 1층,051-727-7328,35.3176889,129.2619366,0.899099588
기장군,임랑여자,부산광역시 기장군 장안읍 임랑2길 1-6 1층,051-727-6903,35.3176889,129.2619366,0.899099588
기장군,좌동남자,부산광역시 기장군 장안읍 좌동2길 4 1층,051-727-8220,35.3188887,129.2418984,10.66892529
기장군,좌동여자,부산광역시 기장군 장안읍 좌동2길 4 1층,051-727-8220,35.3188887,129.2418984,10.66892529
기장군,좌천남자,부산광역시 기장군 장안읍 좌천4길 46-2 2층,051-727-0256,35.313485,129.2424404,15.01530838
기장군,좌천여자,부산광역시 기장군 장안읍 좌천4길 46-2 1층,051-727-3706,35.313485,129.2424404,15.01530838
기장군,좌천제2남자,부산광역시 기장군 장안읍 좌천4길 9-9 (2층)(노인회관),,35.3120231,129.2418221,6.637352943
기장군,좌천제2여자,부산광역시 기장군 장안읍 좌천4길 46-2 2층,051-727-3708,35.313485,129.2424404,15.01530838
기장군,판곡,부산광역시 기장군 장안읍 판곡길 32,051-727-3226,35.361213,129.2674196,89.16734314
기장군,하근남자,부산광역시 기장군 장안읍 하근1길 3 1층,051-727-8742,35.3466391,129.2549126,16.86438179
기장군,하근여자,부산광역시 기장군 장안읍 하근1길 3 1층,051-727-2050,35.3466391,129.2549126,16.86438179
기장군,하장안남자,부산광역시 기장군 장안읍 하장안길 12-2,051-728-2299,35.3626866,129.2496043,38.59149551
기장군,하장안여자,부산광역시 기장군 장안읍 하장안1길 4,051-727-0933,35.3631926,129.2497474,40.69046783
기장군,한빛,"부산광역시 기장군 장안읍 천산로 28, 한빛",051-726-2496,35.3355094,129.283327,43.42911911
기장군,효암리집단이주민,부산광역시 기장군 장안읍 임랑효덕길 7-22,051-727-9060,35.3167312,129.2600797,1.192933559
기장군,고촌남자,부산광역시 기장군 철마면 고촌로28번길 27 1층,051-722-1211,35.2415898,129.1709237,84.74595642
기장군,고촌여자,부산광역시 기장군 철마면 고촌로28번길 27 1층,051-722-1211,35.2415898,129.1709237,84.74595642
기장군,고촌휴먼시아남자,"부산광역시 기장군 철마면 고촌로 44번길16, 고촌휴먼시아 105동 1층",051-722-0253,35.241549,129.1682145,97.04249573
기장군,고촌휴먼시아여자,"부산광역시 기장군 철마면 고촌로 44번길16, 고촌휴먼시아 105동 1층",051-743-0253,35.241549,129.1682145,97.04249573
기장군,고촌LH2남자,"부산광역시 기장군 철마면 고촌로 11, 고촌LH2 주민복지관3",051-721-1778,35.236019,129.160443,43.86411285
기장군,고촌LH2여자,"부산광역시 기장군 철마면 고촌로 11, 고촌LH2 주민복지관3",051-721-1778,35.236019,129.160443,43.86411285
기장군,고촌LH3단지,"부산광역시 기장군 철마면 고촌로 58, 307동 1층",,35.2389142,129.1723178,73.01127625
기장군,구림,부산광역시 기장군 철마면 한들길 7-2,051-722-0201,35.2721419,129.1599347,79.89713287
기장군,구칠,부산광역시 기장군 철마면 구칠길 61,051-722-8603,35.2579259,129.1656278,130.4337616
기장군,대곡,부산광역시 기장군 철마면 대곡1길 31-2 2층,051-722-0040,35.2661238,129.1508402,79.24299622
기장군,마지,부산광역시 기장군 철마면 마지길 12(주소확인필요),,35.2746162,129.1661098,89.05902863
기장군,미동,부산광역시 기장군 철마면 미동길 28-1 2층,051-727-0840,35.2875288,129.1707141,117.0339508
기장군,백길,부산광역시 기장군 철마면 철마면 백길길 1,,35.2837508,129.1554757,106.2207336
기장군,사등,부산광역시 기장군 철마면 사등길 143,051-721-7490,35.2479901,129.1585973,91.95471191
기장군,석길,부산광역시 기장군 철마면 석길길 16,051-721-9246,35.2859842,129.1647997,107.5435104
기장군,송정남자,부산광역시 기장군 철마면 두송길 7-31 2층,051-508-2724,35.3047926,129.1115718,63.02409363
기장군,송정여자,부산광역시 기장군 철마면 두송길 7-31 2층,051-508-2724,35.3047926,129.1115718,63.02409363
기장군,신리(철마),부산광역시 기장군 철마면 상신리길 34-8,051-722-2211,35.2587478,129.1788475,147.0101318
기장군,안평남자,부산광역시 기장군 철마면 안평로11번나길 1 2층,051-722-7131,35.2372802,129.1758759,72.18616486
기장군,안평여자,부산광역시 기장군 철마면 안평로11번나길 1 2층,051-722-7131,35.2372802,129.1758759,72.18616486
기장군,와여남자,부산광역시 기장군 철마면 와여길 25-4  2층,051-722-6079,35.277759,129.1493714,80.42984772
기장군,와여여자,부산광역시 기장군 철마면 와여길 25-4  1층,051-721-0801,35.277759,129.1493714,80.42984772
기장군,이곡남자,부산광역시 기장군 철마면 이곡길 100 1층,051-722-8107,35.2751405,129.1787882,108.973938
기장군,이곡여자,부산광역시 기장군 철마면 이곡길 100 1층,051-722-8107,35.2751405,129.1787882,108.973938
기장군,임기남자,부산광역시 기장군 철마면 임기2길 44 1층,051-508-4170,35.3199261,129.1208654,84.38949585
기장군,임기여자,부산광역시 기장군 철마면 임기2길 44 1층,051-508-4170,35.3199261,129.1208654,84.38949585
기장군,입석남자,부산광역시 기장군 철마면 입석길 50-1 1층,051-508-4980,35.3110195,129.1181789,86.80774689
기장군,입석여자,부산광역시 기장군 철마면 입석길 50-1 1층,051-508-4890,35.3110195,129.1181789,86.80774689
기장군,장전남자,부산광역시 기장군 철마면 장전2길 15 1층,051-722-0589,35.2741605,129.1451197,64.23735046
기장군,장전여자,부산광역시 기장군 철마면 장전2길 15 1층,051-722-0589,35.2741605,129.1451197,64.23735046
기장군,점현,부산광역시 기장군 철마면 점현길 49-2,051-722-7644,35.267004,129.1695912,116.3109055
기장군,중리남자,부산광역시 기장군 철마면 곰내길 243 1층,051-721-9722,35.2893942,129.1679564,110.5015564
기장군,중리여자,부산광역시 기장군 철마면 곰내길 243 1층,051-724-5445,35.2893942,129.1679564,110.5015564
